{"client_meta":{"background_color":{"r":0.11764705926179886,"g":0.11764705926179886,"b":0.11764705926179886,"a":1},"thumbnail_size":{"width":400,"height":326},"render_coordinates":{"x":-965,"y":-1091,"width":1929,"height":1571}},"file_name":"qr-code-component","developer_related_links":[]}